<?xml version="1.0" encoding="UTF-8" ?>
<!--
  ~ Licensed to the Apache Software Foundation (ASF) under one
  ~ or more contributor license agreements.  See the NOTICE file
  ~ distributed with this work for additional information
  ~ regarding copyright ownership.  The ASF licenses this file
  ~ to you under the Apache License, Version 2.0 (the
  ~ "License"); you may not use this file except in compliance
  ~ with the License.  You may obtain a copy of the License at
  ~
  ~     http://www.apache.org/licenses/LICENSE-2.0
  ~
  ~ Unless required by applicable law or agreed to in writing, software
  ~ distributed under the License is distributed on an "AS IS" BASIS,
  ~ WITHOUT WARRANTIES OR CONDITIONS OF ANY KIND, either express or implied.
  ~ See the License for the specific language governing permissions and
  ~ limitations under the License.
  -->

<!DOCTYPE log4j:configuration SYSTEM "log4j.dtd">

<log4j:configuration xmlns:log4j="http://jakarta.apache.org/log4j/">
    <appender name="FILE" class="org.apache.log4j.RollingFileAppender">
        <param name="File" value="/var/log/atlas/atlas-index-janus-repair.log"/>
        <param name="Append" value="true"/>
        <param name="maxFileSize" value="100MB" />
        <param name="maxBackupIndex" value="20" />
        <layout class="org.apache.log4j.PatternLayout">
            <param name="ConversionPattern" value="%d %-5p - [%t:%x] ~ %m (%C{1}:%L)%n"/>
        </layout>
    </appender>

    <logger name="org.apache.atlas.tools.RepairIndex" additivity="false">
        <level value="info"/>
        <appender-ref ref="FILE"/>
    </logger>

    <root>
        <priority value="warn"/>
        <appender-ref ref="FILE"/>
    </root>
</log4j:configuration>
